Age_Group,Time_to_Success
1 to 2,1.6538461538461537
11 to 14,2.3333333333333335
15 to 19,2.4444444444444446
20 to 24,1.8148148148148149
25 to 29,2.076923076923077
3 to 4,1.44
30 to 34,2.52
35 to 39,2.6153846153846154
5 to 7,1.9365079365079365
8 to 10,1.8863636363636365
Less than 1,2.230769230769231
Over 40,2.5384615384615383
